乗車停留所名,降車停留所名,人員
01_渋谷区役所,04_美竹の丘,2
01_渋谷区役所,05_宮下公園前,10
01_渋谷区役所,06_渋谷駅ハチ公口,72
01_渋谷区役所,07_文化総合センター大和田,41
01_渋谷区役所,08_JT前,47
01_渋谷区役所,09_渋谷駅東口,13
01_渋谷区役所,10_渋谷2丁目,15
01_渋谷区役所,11_青山学院西門,4
01_渋谷区役所,12_渋谷4丁目,20
01_渋谷区役所,13_郷土博物館・文学館,8
01_渋谷区役所,14_渋谷図書館入口,1
01_渋谷区役所,15_渋谷車庫前,14
01_渋谷区役所,16_東2丁目,13
01_渋谷区役所,17_恵比寿区民施設,23
01_渋谷区役所,18_恵比寿駅東口,29
01_渋谷区役所,19_恵比寿1丁目,8
01_渋谷区役所,20_新橋区民施設,18
01_渋谷区役所,21_豊沢児童遊園地,15
01_渋谷区役所,22_広尾1丁目,2
01_渋谷区役所,23_新豊沢橋,2
01_渋谷区役所,24_恵比寿社会教育館,20
01_渋谷区役所,25_恵比寿4丁目,10
01_渋谷区役所,26_加計塚小学校,9
01_渋谷区役所,27_恵比寿ガーデンプレイス,13
01_渋谷区役所,28_恵比寿南1丁目,4
01_渋谷区役所,29_恵比寿駅入口,2
01_渋谷区役所,30_恵比寿公園,4
01_渋谷区役所,32_恵比寿西2丁目,6
01_渋谷区役所,33_代官山保育園・ログロード代官山,2
01_渋谷区役所,34_代官山駅,7
01_渋谷区役所,35_猿楽トレーニングジム入口・代官山Tサイト,14
01_渋谷区役所,36_都立一商,5
01_渋谷区役所,37_鉢山町交番,10
01_渋谷区役所,40_渋谷駅西口,50
01_渋谷区役所,41_神南郵便局,1
01_渋谷区役所,43_消防署入口,3
01_渋谷区役所,44_かんなみの杜・渋谷,2
01_渋谷区役所,45_国立代々木競技場,13
02_国立代々木競技場,05_宮下公園前,1
02_国立代々木競技場,06_渋谷駅ハチ公口,5
02_国立代々木競技場,07_文化総合センター大和田,9
02_国立代々木競技場,08_JT前,28
02_国立代々木競技場,10_渋谷2丁目,4
02_国立代々木競技場,11_青山学院西門,11
02_国立代々木競技場,12_渋谷4丁目,9
02_国立代々木競技場,13_郷土博物館・文学館,1
02_国立代々木競技場,16_東2丁目,1
02_国立代々木競技場,22_広尾1丁目,1
02_国立代々木競技場,28_恵比寿南1丁目,2
02_国立代々木競技場,40_渋谷駅西口,1
02_国立代々木競技場,43_消防署入口,2
02_国立代々木競技場,44_かんなみの杜・渋谷,5
02_国立代々木競技場,46_渋谷区役所,19
03_かんなみの杜・渋谷,05_宮下公園前,3
03_かんなみの杜・渋谷,06_渋谷駅ハチ公口,5
03_かんなみの杜・渋谷,07_文化総合センター大和田,11
03_かんなみの杜・渋谷,08_JT前,20
03_かんなみの杜・渋谷,10_渋谷2丁目,1
03_かんなみの杜・渋谷,11_青山学院西門,2
03_かんなみの杜・渋谷,12_渋谷4丁目,1
03_かんなみの杜・渋谷,13_郷土博物館・文学館,1
03_かんなみの杜・渋谷,16_東2丁目,3
03_かんなみの杜・渋谷,17_恵比寿区民施設,2
03_かんなみの杜・渋谷,18_恵比寿駅東口,2
03_かんなみの杜・渋谷,20_新橋区民施設,3
03_かんなみの杜・渋谷,22_広尾1丁目,1
03_かんなみの杜・渋谷,24_恵比寿社会教育館,1
03_かんなみの杜・渋谷,25_恵比寿4丁目,1
03_かんなみの杜・渋谷,26_加計塚小学校,3
03_かんなみの杜・渋谷,34_代官山駅,1
03_かんなみの杜・渋谷,35_猿楽トレーニングジム入口・代官山Tサイト,2
03_かんなみの杜・渋谷,40_渋谷駅西口,3
03_かんなみの杜・渋谷,43_消防署入口,1
03_かんなみの杜・渋谷,45_国立代々木競技場,8
03_かんなみの杜・渋谷,46_渋谷区役所,2
04_美竹の丘,07_文化総合センター大和田,2
04_美竹の丘,08_JT前,6
04_美竹の丘,15_渋谷車庫前,1
04_美竹の丘,18_恵比寿駅東口,1
04_美竹の丘,20_新橋区民施設,1
04_美竹の丘,24_恵比寿社会教育館,1
04_美竹の丘,27_恵比寿ガーデンプレイス,1
04_美竹の丘,35_猿楽トレーニングジム入口・代官山Tサイト,1
04_美竹の丘,46_渋谷区役所,2
05_宮下公園前,06_渋谷駅ハチ公口,4
05_宮下公園前,07_文化総合センター大和田,18
05_宮下公園前,08_JT前,24
05_宮下公園前,09_渋谷駅東口,2
05_宮下公園前,10_渋谷2丁目,2
05_宮下公園前,11_青山学院西門,3
05_宮下公園前,12_渋谷4丁目,3
05_宮下公園前,13_郷土博物館・文学館,2
05_宮下公園前,14_渋谷図書館入口,3
05_宮下公園前,15_渋谷車庫前,2
05_宮下公園前,16_東2丁目,1
05_宮下公園前,18_恵比寿駅東口,2
05_宮下公園前,19_恵比寿1丁目,2
05_宮下公園前,20_新橋区民施設,1
05_宮下公園前,21_豊沢児童遊園地,1
05_宮下公園前,23_新豊沢橋,1
05_宮下公園前,24_恵比寿社会教育館,1
05_宮下公園前,27_恵比寿ガーデンプレイス,2
05_宮下公園前,29_恵比寿駅入口,2
05_宮下公園前,33_代官山保育園・ログロード代官山,1
05_宮下公園前,34_代官山駅,4
05_宮下公園前,37_鉢山町交番,2
05_宮下公園前,40_渋谷駅西口,3
05_宮下公園前,46_渋谷区役所,3
06_渋谷駅ハチ公口,04_美竹の丘,6
06_渋谷駅ハチ公口,07_文化総合センター大和田,22
06_渋谷駅ハチ公口,08_JT前,64
06_渋谷駅ハチ公口,09_渋谷駅東口,2
06_渋谷駅ハチ公口,10_渋谷2丁目,6
06_渋谷駅ハチ公口,11_青山学院西門,9
06_渋谷駅ハチ公口,12_渋谷4丁目,24
06_渋谷駅ハチ公口,13_郷土博物館・文学館,9
06_渋谷駅ハチ公口,14_渋谷図書館入口,2
06_渋谷駅ハチ公口,15_渋谷車庫前,6
06_渋谷駅ハチ公口,16_東2丁目,5
06_渋谷駅ハチ公口,17_恵比寿区民施設,15
06_渋谷駅ハチ公口,18_恵比寿駅東口,14
06_渋谷駅ハチ公口,19_恵比寿1丁目,3
06_渋谷駅ハチ公口,20_新橋区民施設,8
06_渋谷駅ハチ公口,21_豊沢児童遊園地,3
06_渋谷駅ハチ公口,22_広尾1丁目,1
06_渋谷駅ハチ公口,23_新豊沢橋,1
06_渋谷駅ハチ公口,24_恵比寿社会教育館,11
06_渋谷駅ハチ公口,25_恵比寿4丁目,5
06_渋谷駅ハチ公口,26_加計塚小学校,4
06_渋谷駅ハチ公口,27_恵比寿ガーデンプレイス,6
06_渋谷駅ハチ公口,28_恵比寿南1丁目,3
06_渋谷駅ハチ公口,29_恵比寿駅入口,6
06_渋谷駅ハチ公口,30_恵比寿公園,5
06_渋谷駅ハチ公口,34_代官山駅,10
06_渋谷駅ハチ公口,35_猿楽トレーニングジム入口・代官山Tサイト,4
06_渋谷駅ハチ公口,36_都立一商,2
06_渋谷駅ハチ公口,37_鉢山町交番,2
06_渋谷駅ハチ公口,40_渋谷駅西口,12
06_渋谷駅ハチ公口,41_神南郵便局,17
06_渋谷駅ハチ公口,43_消防署入口,11
06_渋谷駅ハチ公口,44_かんなみの杜・渋谷,7
06_渋谷駅ハチ公口,45_国立代々木競技場,12
06_渋谷駅ハチ公口,46_渋谷区役所,75
07_文化総合センター大和田,04_美竹の丘,1
07_文化総合センター大和田,05_宮下公園前,1
07_文化総合センター大和田,06_渋谷駅ハチ公口,48
07_文化総合センター大和田,08_JT前,35
07_文化総合センター大和田,09_渋谷駅東口,4
07_文化総合センター大和田,10_渋谷2丁目,5
07_文化総合センター大和田,11_青山学院西門,1
07_文化総合センター大和田,12_渋谷4丁目,6
07_文化総合センター大和田,13_郷土博物館・文学館,12
07_文化総合センター大和田,15_渋谷車庫前,1
07_文化総合センター大和田,16_東2丁目,2
07_文化総合センター大和田,17_恵比寿区民施設,9
07_文化総合センター大和田,18_恵比寿駅東口,10
07_文化総合センター大和田,19_恵比寿1丁目,2
07_文化総合センター大和田,20_新橋区民施設,5
07_文化総合センター大和田,21_豊沢児童遊園地,5
07_文化総合センター大和田,22_広尾1丁目,1
07_文化総合センター大和田,24_恵比寿社会教育館,4
07_文化総合センター大和田,25_恵比寿4丁目,1
07_文化総合センター大和田,26_加計塚小学校,4
07_文化総合センター大和田,27_恵比寿ガーデンプレイス,1
07_文化総合センター大和田,28_恵比寿南1丁目,2
07_文化総合センター大和田,29_恵比寿駅入口,4
07_文化総合センター大和田,30_恵比寿公園,1
07_文化総合センター大和田,33_代官山保育園・ログロード代官山,1
07_文化総合センター大和田,34_代官山駅,3
07_文化総合センター大和田,35_猿楽トレーニングジム入口・代官山Tサイト,1
07_文化総合センター大和田,36_都立一商,2
07_文化総合センター大和田,37_鉢山町交番,3
07_文化総合センター大和田,40_渋谷駅西口,6
07_文化総合センター大和田,41_神南郵便局,5
07_文化総合センター大和田,43_消防署入口,4
07_文化総合センター大和田,44_かんなみの杜・渋谷,1
07_文化総合センター大和田,46_渋谷区役所,20
08_JT前,04_美竹の丘,10
08_JT前,06_渋谷駅ハチ公口,61
08_JT前,07_文化総合センター大和田,12
08_JT前,09_渋谷駅東口,24
08_JT前,10_渋谷2丁目,24
08_JT前,11_青山学院西門,9
08_JT前,12_渋谷4丁目,15
08_JT前,13_郷土博物館・文学館,4
08_JT前,15_渋谷車庫前,3
08_JT前,16_東2丁目,4
08_JT前,17_恵比寿区民施設,8
08_JT前,18_恵比寿駅東口,7
08_JT前,19_恵比寿1丁目,1
08_JT前,20_新橋区民施設,3
08_JT前,21_豊沢児童遊園地,4
08_JT前,22_広尾1丁目,1
08_JT前,24_恵比寿社会教育館,6
08_JT前,26_加計塚小学校,1
08_JT前,27_恵比寿ガーデンプレイス,1
08_JT前,28_恵比寿南1丁目,2
08_JT前,29_恵比寿駅入口,3
08_JT前,30_恵比寿公園,12
08_JT前,32_恵比寿西2丁目,2
08_JT前,34_代官山駅,11
08_JT前,35_猿楽トレーニングジム入口・代官山Tサイト,4
08_JT前,36_都立一商,7
08_JT前,37_鉢山町交番,54
08_JT前,40_渋谷駅西口,14
08_JT前,41_神南郵便局,12
08_JT前,43_消防署入口,5
08_JT前,44_かんなみの杜・渋谷,2
08_JT前,45_国立代々木競技場,5
08_JT前,46_渋谷区役所,16
09_渋谷駅東口,06_渋谷駅ハチ公口,7
09_渋谷駅東口,07_文化総合センター大和田,2
09_渋谷駅東口,08_JT前,6
09_渋谷駅東口,10_渋谷2丁目,8
09_渋谷駅東口,11_青山学院西門,10
09_渋谷駅東口,12_渋谷4丁目,48
09_渋谷駅東口,13_郷土博物館・文学館,15
09_渋谷駅東口,14_渋谷図書館入口,2
09_渋谷駅東口,15_渋谷車庫前,7
09_渋谷駅東口,16_東2丁目,2
09_渋谷駅東口,17_恵比寿区民施設,12
09_渋谷駅東口,18_恵比寿駅東口,13
09_渋谷駅東口,19_恵比寿1丁目,5
09_渋谷駅東口,20_新橋区民施設,11
09_渋谷駅東口,21_豊沢児童遊園地,5
09_渋谷駅東口,22_広尾1丁目,3
09_渋谷駅東口,23_新豊沢橋,1
09_渋谷駅東口,24_恵比寿社会教育館,5
09_渋谷駅東口,25_恵比寿4丁目,2
09_渋谷駅東口,26_加計塚小学校,4
09_渋谷駅東口,27_恵比寿ガーデンプレイス,5
09_渋谷駅東口,28_恵比寿南1丁目,2
09_渋谷駅東口,29_恵比寿駅入口,3
09_渋谷駅東口,30_恵比寿公園,1
09_渋谷駅東口,32_恵比寿西2丁目,3
09_渋谷駅東口,34_代官山駅,5
09_渋谷駅東口,35_猿楽トレーニングジム入口・代官山Tサイト,4
09_渋谷駅東口,36_都立一商,4
09_渋谷駅東口,37_鉢山町交番,4
09_渋谷駅東口,45_国立代々木競技場,1
09_渋谷駅東口,46_渋谷区役所,5
10_渋谷2丁目,06_渋谷駅ハチ公口,10
10_渋谷2丁目,07_文化総合センター大和田,2
10_渋谷2丁目,08_JT前,2
10_渋谷2丁目,11_青山学院西門,6
10_渋谷2丁目,12_渋谷4丁目,42
10_渋谷2丁目,13_郷土博物館・文学館,15
10_渋谷2丁目,15_渋谷車庫前,7
10_渋谷2丁目,16_東2丁目,8
10_渋谷2丁目,17_恵比寿区民施設,17
10_渋谷2丁目,18_恵比寿駅東口,20
10_渋谷2丁目,19_恵比寿1丁目,3
10_渋谷2丁目,20_新橋区民施設,10
10_渋谷2丁目,21_豊沢児童遊園地,13
10_渋谷2丁目,23_新豊沢橋,1
10_渋谷2丁目,24_恵比寿社会教育館,18
10_渋谷2丁目,26_加計塚小学校,3
10_渋谷2丁目,27_恵比寿ガーデンプレイス,4
10_渋谷2丁目,28_恵比寿南1丁目,1
10_渋谷2丁目,29_恵比寿駅入口,1
10_渋谷2丁目,30_恵比寿公園,2
10_渋谷2丁目,32_恵比寿西2丁目,1
10_渋谷2丁目,33_代官山保育園・ログロード代官山,1
10_渋谷2丁目,34_代官山駅,3
10_渋谷2丁目,35_猿楽トレーニングジム入口・代官山Tサイト,2
10_渋谷2丁目,36_都立一商,1
10_渋谷2丁目,37_鉢山町交番,1
10_渋谷2丁目,40_渋谷駅西口,1
10_渋谷2丁目,41_神南郵便局,1
10_渋谷2丁目,44_かんなみの杜・渋谷,1
10_渋谷2丁目,45_国立代々木競技場,2
10_渋谷2丁目,46_渋谷区役所,4
11_青山学院西門,06_渋谷駅ハチ公口,5
11_青山学院西門,07_文化総合センター大和田,2
11_青山学院西門,12_渋谷4丁目,13
11_青山学院西門,13_郷土博物館・文学館,4
11_青山学院西門,15_渋谷車庫前,2
11_青山学院西門,16_東2丁目,4
11_青山学院西門,17_恵比寿区民施設,10
11_青山学院西門,18_恵比寿駅東口,11
11_青山学院西門,19_恵比寿1丁目,1
11_青山学院西門,20_新橋区民施設,5
11_青山学院西門,21_豊沢児童遊園地,2
11_青山学院西門,24_恵比寿社会教育館,5
11_青山学院西門,25_恵比寿4丁目,1
11_青山学院西門,26_加計塚小学校,1
11_青山学院西門,27_恵比寿ガーデンプレイス,8
11_青山学院西門,28_恵比寿南1丁目,1
11_青山学院西門,29_恵比寿駅入口,1
11_青山学院西門,35_猿楽トレーニングジム入口・代官山Tサイト,6
11_青山学院西門,36_都立一商,1
11_青山学院西門,37_鉢山町交番,1
11_青山学院西門,41_神南郵便局,1
11_青山学院西門,45_国立代々木競技場,14
11_青山学院西門,46_渋谷区役所,3
12_渋谷4丁目,06_渋谷駅ハチ公口,7
12_渋谷4丁目,08_JT前,3
12_渋谷4丁目,11_青山学院西門,2
12_渋谷4丁目,13_郷土博物館・文学館,6
12_渋谷4丁目,15_渋谷車庫前,9
12_渋谷4丁目,16_東2丁目,5
12_渋谷4丁目,17_恵比寿区民施設,15
12_渋谷4丁目,18_恵比寿駅東口,26
12_渋谷4丁目,19_恵比寿1丁目,2
12_渋谷4丁目,20_新橋区民施設,8
12_渋谷4丁目,21_豊沢児童遊園地,3
12_渋谷4丁目,24_恵比寿社会教育館,5
12_渋谷4丁目,25_恵比寿4丁目,7
12_渋谷4丁目,26_加計塚小学校,1
12_渋谷4丁目,27_恵比寿ガーデンプレイス,3
12_渋谷4丁目,28_恵比寿南1丁目,2
12_渋谷4丁目,30_恵比寿公園,1
12_渋谷4丁目,33_代官山保育園・ログロード代官山,1
12_渋谷4丁目,34_代官山駅,5
12_渋谷4丁目,35_猿楽トレーニングジム入口・代官山Tサイト,3
12_渋谷4丁目,36_都立一商,1
12_渋谷4丁目,37_鉢山町交番,1
12_渋谷4丁目,41_神南郵便局,1
12_渋谷4丁目,45_国立代々木競技場,10
12_渋谷4丁目,46_渋谷区役所,6
13_郷土博物館・文学館,06_渋谷駅ハチ公口,7
13_郷土博物館・文学館,07_文化総合センター大和田,1
13_郷土博物館・文学館,08_JT前,2
13_郷土博物館・文学館,15_渋谷車庫前,9
13_郷土博物館・文学館,17_恵比寿区民施設,15
13_郷土博物館・文学館,18_恵比寿駅東口,21
13_郷土博物館・文学館,19_恵比寿1丁目,2
13_郷土博物館・文学館,20_新橋区民施設,2
13_郷土博物館・文学館,21_豊沢児童遊園地,4
13_郷土博物館・文学館,24_恵比寿社会教育館,3
13_郷土博物館・文学館,26_加計塚小学校,1
13_郷土博物館・文学館,27_恵比寿ガーデンプレイス,1
13_郷土博物館・文学館,28_恵比寿南1丁目,2
13_郷土博物館・文学館,29_恵比寿駅入口,4
13_郷土博物館・文学館,34_代官山駅,3
13_郷土博物館・文学館,35_猿楽トレーニングジム入口・代官山Tサイト,4
13_郷土博物館・文学館,37_鉢山町交番,1
13_郷土博物館・文学館,41_神南郵便局,2
13_郷土博物館・文学館,46_渋谷区役所,6
14_渋谷図書館入口,08_JT前,1
14_渋谷図書館入口,15_渋谷車庫前,1
14_渋谷図書館入口,16_東2丁目,1
14_渋谷図書館入口,17_恵比寿区民施設,4
14_渋谷図書館入口,18_恵比寿駅東口,7
14_渋谷図書館入口,19_恵比寿1丁目,1
14_渋谷図書館入口,20_新橋区民施設,3
14_渋谷図書館入口,21_豊沢児童遊園地,1
14_渋谷図書館入口,24_恵比寿社会教育館,2
14_渋谷図書館入口,26_加計塚小学校,4
14_渋谷図書館入口,27_恵比寿ガーデンプレイス,2
14_渋谷図書館入口,34_代官山駅,1
14_渋谷図書館入口,46_渋谷区役所,1
15_渋谷車庫前,05_宮下公園前,1
15_渋谷車庫前,06_渋谷駅ハチ公口,6
15_渋谷車庫前,07_文化総合センター大和田,7
15_渋谷車庫前,08_JT前,4
15_渋谷車庫前,16_東2丁目,1
15_渋谷車庫前,17_恵比寿区民施設,29
15_渋谷車庫前,18_恵比寿駅東口,25
15_渋谷車庫前,19_恵比寿1丁目,11
15_渋谷車庫前,20_新橋区民施設,29
15_渋谷車庫前,21_豊沢児童遊園地,15
15_渋谷車庫前,22_広尾1丁目,2
15_渋谷車庫前,23_新豊沢橋,3
15_渋谷車庫前,24_恵比寿社会教育館,21
15_渋谷車庫前,25_恵比寿4丁目,12
15_渋谷車庫前,26_加計塚小学校,12
15_渋谷車庫前,27_恵比寿ガーデンプレイス,11
15_渋谷車庫前,28_恵比寿南1丁目,3
15_渋谷車庫前,29_恵比寿駅入口,3
15_渋谷車庫前,30_恵比寿公園,2
15_渋谷車庫前,32_恵比寿西2丁目,1
15_渋谷車庫前,33_代官山保育園・ログロード代官山,1
15_渋谷車庫前,34_代官山駅,5
15_渋谷車庫前,35_猿楽トレーニングジム入口・代官山Tサイト,3
15_渋谷車庫前,36_都立一商,2
15_渋谷車庫前,37_鉢山町交番,5
15_渋谷車庫前,40_渋谷駅西口,4
15_渋谷車庫前,41_神南郵便局,4
15_渋谷車庫前,43_消防署入口,1
15_渋谷車庫前,46_渋谷区役所,7
16_東2丁目,04_美竹の丘,1
16_東2丁目,06_渋谷駅ハチ公口,1
16_東2丁目,07_文化総合センター大和田,1
16_東2丁目,08_JT前,4
16_東2丁目,17_恵比寿区民施設,5
16_東2丁目,18_恵比寿駅東口,4
16_東2丁目,19_恵比寿1丁目,2
16_東2丁目,20_新橋区民施設,3
16_東2丁目,21_豊沢児童遊園地,1
16_東2丁目,24_恵比寿社会教育館,7
16_東2丁目,26_加計塚小学校,2
16_東2丁目,27_恵比寿ガーデンプレイス,1
16_東2丁目,28_恵比寿南1丁目,2
16_東2丁目,29_恵比寿駅入口,1
16_東2丁目,34_代官山駅,3
16_東2丁目,35_猿楽トレーニングジム入口・代官山Tサイト,1
16_東2丁目,41_神南郵便局,2
16_東2丁目,46_渋谷区役所,1
17_恵比寿区民施設,04_美竹の丘,2
17_恵比寿区民施設,06_渋谷駅ハチ公口,45
17_恵比寿区民施設,07_文化総合センター大和田,34
17_恵比寿区民施設,08_JT前,21
17_恵比寿区民施設,10_渋谷2丁目,1
17_恵比寿区民施設,12_渋谷4丁目,4
17_恵比寿区民施設,15_渋谷車庫前,1
17_恵比寿区民施設,18_恵比寿駅東口,17
17_恵比寿区民施設,19_恵比寿1丁目,1
17_恵比寿区民施設,20_新橋区民施設,15
17_恵比寿区民施設,21_豊沢児童遊園地,14
17_恵比寿区民施設,22_広尾1丁目,3
17_恵比寿区民施設,24_恵比寿社会教育館,17
17_恵比寿区民施設,25_恵比寿4丁目,12
17_恵比寿区民施設,26_加計塚小学校,13
17_恵比寿区民施設,27_恵比寿ガーデンプレイス,4
17_恵比寿区民施設,28_恵比寿南1丁目,2
17_恵比寿区民施設,29_恵比寿駅入口,1
17_恵比寿区民施設,30_恵比寿公園,3
17_恵比寿区民施設,32_恵比寿西2丁目,10
17_恵比寿区民施設,34_代官山駅,34
17_恵比寿区民施設,35_猿楽トレーニングジム入口・代官山Tサイト,23
17_恵比寿区民施設,36_都立一商,9
17_恵比寿区民施設,37_鉢山町交番,15
17_恵比寿区民施設,40_渋谷駅西口,4
17_恵比寿区民施設,41_神南郵便局,2
17_恵比寿区民施設,43_消防署入口,2
17_恵比寿区民施設,44_かんなみの杜・渋谷,3
17_恵比寿区民施設,45_国立代々木競技場,2
17_恵比寿区民施設,46_渋谷区役所,31
18_恵比寿駅東口,06_渋谷駅ハチ公口,7
18_恵比寿駅東口,07_文化総合センター大和田,6
18_恵比寿駅東口,08_JT前,4
18_恵比寿駅東口,10_渋谷2丁目,2
18_恵比寿駅東口,12_渋谷4丁目,1
18_恵比寿駅東口,17_恵比寿区民施設,2
18_恵比寿駅東口,19_恵比寿1丁目,3
18_恵比寿駅東口,20_新橋区民施設,27
18_恵比寿駅東口,21_豊沢児童遊園地,22
18_恵比寿駅東口,22_広尾1丁目,3
18_恵比寿駅東口,23_新豊沢橋,4
18_恵比寿駅東口,24_恵比寿社会教育館,24
18_恵比寿駅東口,25_恵比寿4丁目,4
18_恵比寿駅東口,26_加計塚小学校,3
18_恵比寿駅東口,27_恵比寿ガーデンプレイス,9
18_恵比寿駅東口,28_恵比寿南1丁目,4
18_恵比寿駅東口,29_恵比寿駅入口,5
18_恵比寿駅東口,32_恵比寿西2丁目,1
18_恵比寿駅東口,33_代官山保育園・ログロード代官山,1
18_恵比寿駅東口,34_代官山駅,5
18_恵比寿駅東口,35_猿楽トレーニングジム入口・代官山Tサイト,1
18_恵比寿駅東口,36_都立一商,1
18_恵比寿駅東口,37_鉢山町交番,4
18_恵比寿駅東口,40_渋谷駅西口,3
18_恵比寿駅東口,41_神南郵便局,4
18_恵比寿駅東口,44_かんなみの杜・渋谷,1
18_恵比寿駅東口,46_渋谷区役所,7
19_恵比寿1丁目,06_渋谷駅ハチ公口,2
19_恵比寿1丁目,07_文化総合センター大和田,1
19_恵比寿1丁目,08_JT前,2
19_恵比寿1丁目,21_豊沢児童遊園地,8
19_恵比寿1丁目,24_恵比寿社会教育館,1
19_恵比寿1丁目,25_恵比寿4丁目,1
19_恵比寿1丁目,26_加計塚小学校,5
19_恵比寿1丁目,27_恵比寿ガーデンプレイス,2
19_恵比寿1丁目,29_恵比寿駅入口,3
19_恵比寿1丁目,34_代官山駅,2
19_恵比寿1丁目,35_猿楽トレーニングジム入口・代官山Tサイト,3
19_恵比寿1丁目,37_鉢山町交番,2
19_恵比寿1丁目,46_渋谷区役所,1
20_新橋区民施設,06_渋谷駅ハチ公口,7
20_新橋区民施設,07_文化総合センター大和田,5
20_新橋区民施設,08_JT前,3
20_新橋区民施設,10_渋谷2丁目,1
20_新橋区民施設,21_豊沢児童遊園地,5
20_新橋区民施設,24_恵比寿社会教育館,14
20_新橋区民施設,25_恵比寿4丁目,1
20_新橋区民施設,26_加計塚小学校,5
20_新橋区民施設,27_恵比寿ガーデンプレイス,6
20_新橋区民施設,28_恵比寿南1丁目,3
20_新橋区民施設,29_恵比寿駅入口,6
20_新橋区民施設,30_恵比寿公園,5
20_新橋区民施設,32_恵比寿西2丁目,1
20_新橋区民施設,33_代官山保育園・ログロード代官山,2
20_新橋区民施設,34_代官山駅,6
20_新橋区民施設,35_猿楽トレーニングジム入口・代官山Tサイト,4
20_新橋区民施設,36_都立一商,2
20_新橋区民施設,37_鉢山町交番,2
20_新橋区民施設,40_渋谷駅西口,3
20_新橋区民施設,41_神南郵便局,1
20_新橋区民施設,43_消防署入口,2
20_新橋区民施設,44_かんなみの杜・渋谷,2
20_新橋区民施設,46_渋谷区役所,10
21_豊沢児童遊園地,04_美竹の丘,1
21_豊沢児童遊園地,05_宮下公園前,1
21_豊沢児童遊園地,06_渋谷駅ハチ公口,6
21_豊沢児童遊園地,07_文化総合センター大和田,3
21_豊沢児童遊園地,08_JT前,1
21_豊沢児童遊園地,11_青山学院西門,1
21_豊沢児童遊園地,12_渋谷4丁目,3
21_豊沢児童遊園地,13_郷土博物館・文学館,2
21_豊沢児童遊園地,17_恵比寿区民施設,4
21_豊沢児童遊園地,24_恵比寿社会教育館,3
21_豊沢児童遊園地,25_恵比寿4丁目,7
21_豊沢児童遊園地,26_加計塚小学校,3
21_豊沢児童遊園地,27_恵比寿ガーデンプレイス,6
21_豊沢児童遊園地,28_恵比寿南1丁目,3
21_豊沢児童遊園地,29_恵比寿駅入口,7
21_豊沢児童遊園地,30_恵比寿公園,2
21_豊沢児童遊園地,32_恵比寿西2丁目,1
21_豊沢児童遊園地,34_代官山駅,5
21_豊沢児童遊園地,35_猿楽トレーニングジム入口・代官山Tサイト,4
21_豊沢児童遊園地,37_鉢山町交番,4
21_豊沢児童遊園地,40_渋谷駅西口,1
21_豊沢児童遊園地,46_渋谷区役所,6
22_広尾1丁目,06_渋谷駅ハチ公口,3
22_広尾1丁目,08_JT前,1
22_広尾1丁目,09_渋谷駅東口,1
22_広尾1丁目,26_加計塚小学校,1
22_広尾1丁目,28_恵比寿南1丁目,2
22_広尾1丁目,29_恵比寿駅入口,1
22_広尾1丁目,40_渋谷駅西口,1
22_広尾1丁目,46_渋谷区役所,2
23_新豊沢橋,07_文化総合センター大和田,1
23_新豊沢橋,24_恵比寿社会教育館,1
23_新豊沢橋,28_恵比寿南1丁目,3
23_新豊沢橋,29_恵比寿駅入口,2
23_新豊沢橋,33_代官山保育園・ログロード代官山,1
23_新豊沢橋,46_渋谷区役所,2
24_恵比寿社会教育館,04_美竹の丘,1
24_恵比寿社会教育館,06_渋谷駅ハチ公口,24
24_恵比寿社会教育館,07_文化総合センター大和田,6
24_恵比寿社会教育館,08_JT前,10
24_恵比寿社会教育館,09_渋谷駅東口,2
24_恵比寿社会教育館,15_渋谷車庫前,1
24_恵比寿社会教育館,17_恵比寿区民施設,3
24_恵比寿社会教育館,25_恵比寿4丁目,8
24_恵比寿社会教育館,26_加計塚小学校,12
24_恵比寿社会教育館,27_恵比寿ガーデンプレイス,16
24_恵比寿社会教育館,28_恵比寿南1丁目,6
24_恵比寿社会教育館,29_恵比寿駅入口,7
24_恵比寿社会教育館,30_恵比寿公園,11
24_恵比寿社会教育館,32_恵比寿西2丁目,8
24_恵比寿社会教育館,33_代官山保育園・ログロード代官山,2
24_恵比寿社会教育館,34_代官山駅,18
24_恵比寿社会教育館,35_猿楽トレーニングジム入口・代官山Tサイト,15
24_恵比寿社会教育館,36_都立一商,1
24_恵比寿社会教育館,37_鉢山町交番,11
24_恵比寿社会教育館,41_神南郵便局,2
24_恵比寿社会教育館,43_消防署入口,2
24_恵比寿社会教育館,44_かんなみの杜・渋谷,2
24_恵比寿社会教育館,46_渋谷区役所,7
25_恵比寿4丁目,04_美竹の丘,3
25_恵比寿4丁目,05_宮下公園前,1
25_恵比寿4丁目,06_渋谷駅ハチ公口,13
25_恵比寿4丁目,07_文化総合センター大和田,6
25_恵比寿4丁目,08_JT前,10
25_恵比寿4丁目,09_渋谷駅東口,1
25_恵比寿4丁目,10_渋谷2丁目,2
25_恵比寿4丁目,12_渋谷4丁目,3
25_恵比寿4丁目,15_渋谷車庫前,1
25_恵比寿4丁目,17_恵比寿区民施設,2
25_恵比寿4丁目,18_恵比寿駅東口,1
25_恵比寿4丁目,26_加計塚小学校,11
25_恵比寿4丁目,27_恵比寿ガーデンプレイス,11
25_恵比寿4丁目,28_恵比寿南1丁目,13
25_恵比寿4丁目,29_恵比寿駅入口,17
25_恵比寿4丁目,30_恵比寿公園,5
25_恵比寿4丁目,32_恵比寿西2丁目,5
25_恵比寿4丁目,33_代官山保育園・ログロード代官山,1
25_恵比寿4丁目,34_代官山駅,18
25_恵比寿4丁目,35_猿楽トレーニングジム入口・代官山Tサイト,8
25_恵比寿4丁目,36_都立一商,1
25_恵比寿4丁目,37_鉢山町交番,4
25_恵比寿4丁目,40_渋谷駅西口,1
25_恵比寿4丁目,41_神南郵便局,2
25_恵比寿4丁目,44_かんなみの杜・渋谷,2
25_恵比寿4丁目,46_渋谷区役所,7
26_加計塚小学校,04_美竹の丘,1
26_加計塚小学校,06_渋谷駅ハチ公口,25
26_加計塚小学校,07_文化総合センター大和田,9
26_加計塚小学校,08_JT前,5
26_加計塚小学校,10_渋谷2丁目,1
26_加計塚小学校,12_渋谷4丁目,1
26_加計塚小学校,13_郷土博物館・文学館,1
26_加計塚小学校,16_東2丁目,1
26_加計塚小学校,17_恵比寿区民施設,5
26_加計塚小学校,21_豊沢児童遊園地,2
26_加計塚小学校,27_恵比寿ガーデンプレイス,2
26_加計塚小学校,28_恵比寿南1丁目,6
26_加計塚小学校,29_恵比寿駅入口,11
26_加計塚小学校,30_恵比寿公園,5
26_加計塚小学校,32_恵比寿西2丁目,2
26_加計塚小学校,33_代官山保育園・ログロード代官山,4
26_加計塚小学校,34_代官山駅,13
26_加計塚小学校,35_猿楽トレーニングジム入口・代官山Tサイト,5
26_加計塚小学校,36_都立一商,3
26_加計塚小学校,37_鉢山町交番,16
26_加計塚小学校,40_渋谷駅西口,5
26_加計塚小学校,41_神南郵便局,1
26_加計塚小学校,46_渋谷区役所,8
27_恵比寿ガーデンプレイス,04_美竹の丘,7
27_恵比寿ガーデンプレイス,06_渋谷駅ハチ公口,30
27_恵比寿ガーデンプレイス,07_文化総合センター大和田,15
27_恵比寿ガーデンプレイス,08_JT前,8
27_恵比寿ガーデンプレイス,10_渋谷2丁目,1
27_恵比寿ガーデンプレイス,12_渋谷4丁目,4
27_恵比寿ガーデンプレイス,13_郷土博物館・文学館,1
27_恵比寿ガーデンプレイス,15_渋谷車庫前,2
27_恵比寿ガーデンプレイス,17_恵比寿区民施設,5
27_恵比寿ガーデンプレイス,18_恵比寿駅東口,1
27_恵比寿ガーデンプレイス,28_恵比寿南1丁目,7
27_恵比寿ガーデンプレイス,29_恵比寿駅入口,20
27_恵比寿ガーデンプレイス,30_恵比寿公園,9
27_恵比寿ガーデンプレイス,32_恵比寿西2丁目,6
27_恵比寿ガーデンプレイス,33_代官山保育園・ログロード代官山,8
27_恵比寿ガーデンプレイス,34_代官山駅,23
27_恵比寿ガーデンプレイス,35_猿楽トレーニングジム入口・代官山Tサイト,10
27_恵比寿ガーデンプレイス,36_都立一商,5
27_恵比寿ガーデンプレイス,37_鉢山町交番,19
27_恵比寿ガーデンプレイス,40_渋谷駅西口,6
27_恵比寿ガーデンプレイス,41_神南郵便局,7
27_恵比寿ガーデンプレイス,43_消防署入口,2
27_恵比寿ガーデンプレイス,45_国立代々木競技場,1
27_恵比寿ガーデンプレイス,46_渋谷区役所,18
28_恵比寿南1丁目,04_美竹の丘,1
28_恵比寿南1丁目,06_渋谷駅ハチ公口,14
28_恵比寿南1丁目,07_文化総合センター大和田,9
28_恵比寿南1丁目,08_JT前,3
28_恵比寿南1丁目,09_渋谷駅東口,1
28_恵比寿南1丁目,12_渋谷4丁目,2
28_恵比寿南1丁目,13_郷土博物館・文学館,2
28_恵比寿南1丁目,15_渋谷車庫前,1
28_恵比寿南1丁目,17_恵比寿区民施設,7
28_恵比寿南1丁目,18_恵比寿駅東口,1
28_恵比寿南1丁目,29_恵比寿駅入口,7
28_恵比寿南1丁目,30_恵比寿公園,8
28_恵比寿南1丁目,32_恵比寿西2丁目,4
28_恵比寿南1丁目,33_代官山保育園・ログロード代官山,2
28_恵比寿南1丁目,34_代官山駅,8
28_恵比寿南1丁目,35_猿楽トレーニングジム入口・代官山Tサイト,4
28_恵比寿南1丁目,36_都立一商,1
28_恵比寿南1丁目,37_鉢山町交番,6
28_恵比寿南1丁目,41_神南郵便局,2
28_恵比寿南1丁目,43_消防署入口,2
28_恵比寿南1丁目,46_渋谷区役所,7
29_恵比寿駅入口,04_美竹の丘,2
29_恵比寿駅入口,06_渋谷駅ハチ公口,30
29_恵比寿駅入口,07_文化総合センター大和田,19
29_恵比寿駅入口,08_JT前,18
29_恵比寿駅入口,11_青山学院西門,2
29_恵比寿駅入口,12_渋谷4丁目,1
29_恵比寿駅入口,13_郷土博物館・文学館,1
29_恵比寿駅入口,17_恵比寿区民施設,13
29_恵比寿駅入口,18_恵比寿駅東口,2
29_恵比寿駅入口,30_恵比寿公園,7
29_恵比寿駅入口,32_恵比寿西2丁目,22
29_恵比寿駅入口,33_代官山保育園・ログロード代官山,5
29_恵比寿駅入口,34_代官山駅,36
29_恵比寿駅入口,35_猿楽トレーニングジム入口・代官山Tサイト,11
29_恵比寿駅入口,36_都立一商,8
29_恵比寿駅入口,37_鉢山町交番,17
29_恵比寿駅入口,40_渋谷駅西口,3
29_恵比寿駅入口,41_神南郵便局,6
29_恵比寿駅入口,43_消防署入口,2
29_恵比寿駅入口,46_渋谷区役所,19
30_恵比寿公園,04_美竹の丘,2
30_恵比寿公園,06_渋谷駅ハチ公口,65
30_恵比寿公園,07_文化総合センター大和田,53
30_恵比寿公園,08_JT前,211
30_恵比寿公園,13_郷土博物館・文学館,2
30_恵比寿公園,17_恵比寿区民施設,11
30_恵比寿公園,18_恵比寿駅東口,1
30_恵比寿公園,21_豊沢児童遊園地,1
30_恵比寿公園,29_恵比寿駅入口,5
30_恵比寿公園,32_恵比寿西2丁目,8
30_恵比寿公園,33_代官山保育園・ログロード代官山,5
30_恵比寿公園,34_代官山駅,13
30_恵比寿公園,35_猿楽トレーニングジム入口・代官山Tサイト,18
30_恵比寿公園,36_都立一商,11
30_恵比寿公園,37_鉢山町交番,23
30_恵比寿公園,40_渋谷駅西口,17
30_恵比寿公園,41_神南郵便局,1
30_恵比寿公園,43_消防署入口,4
30_恵比寿公園,46_渋谷区役所,11
32_恵比寿西2丁目,06_渋谷駅ハチ公口,23
32_恵比寿西2丁目,07_文化総合センター大和田,8
32_恵比寿西2丁目,08_JT前,4
32_恵比寿西2丁目,11_青山学院西門,1
32_恵比寿西2丁目,12_渋谷4丁目,3
32_恵比寿西2丁目,15_渋谷車庫前,1
32_恵比寿西2丁目,18_恵比寿駅東口,2
32_恵比寿西2丁目,19_恵比寿1丁目,1
32_恵比寿西2丁目,24_恵比寿社会教育館,2
32_恵比寿西2丁目,26_加計塚小学校,1
32_恵比寿西2丁目,29_恵比寿駅入口,1
32_恵比寿西2丁目,30_恵比寿公園,1
32_恵比寿西2丁目,33_代官山保育園・ログロード代官山,3
32_恵比寿西2丁目,34_代官山駅,21
32_恵比寿西2丁目,35_猿楽トレーニングジム入口・代官山Tサイト,7
32_恵比寿西2丁目,36_都立一商,1
32_恵比寿西2丁目,37_鉢山町交番,10
32_恵比寿西2丁目,40_渋谷駅西口,4
32_恵比寿西2丁目,41_神南郵便局,4
32_恵比寿西2丁目,43_消防署入口,1
32_恵比寿西2丁目,44_かんなみの杜・渋谷,1
32_恵比寿西2丁目,45_国立代々木競技場,1
32_恵比寿西2丁目,46_渋谷区役所,9
33_代官山保育園・ログロード代官山,05_宮下公園前,1
33_代官山保育園・ログロード代官山,06_渋谷駅ハチ公口,22
33_代官山保育園・ログロード代官山,07_文化総合センター大和田,4
33_代官山保育園・ログロード代官山,08_JT前,4
33_代官山保育園・ログロード代官山,09_渋谷駅東口,1
33_代官山保育園・ログロード代官山,12_渋谷4丁目,1
33_代官山保育園・ログロード代官山,13_郷土博物館・文学館,1
33_代官山保育園・ログロード代官山,14_渋谷図書館入口,1
33_代官山保育園・ログロード代官山,18_恵比寿駅東口,2
33_代官山保育園・ログロード代官山,24_恵比寿社会教育館,1
33_代官山保育園・ログロード代官山,25_恵比寿4丁目,1
33_代官山保育園・ログロード代官山,34_代官山駅,7
33_代官山保育園・ログロード代官山,35_猿楽トレーニングジム入口・代官山Tサイト,5
33_代官山保育園・ログロード代官山,36_都立一商,1
33_代官山保育園・ログロード代官山,37_鉢山町交番,4
33_代官山保育園・ログロード代官山,40_渋谷駅西口,7
33_代官山保育園・ログロード代官山,41_神南郵便局,3
33_代官山保育園・ログロード代官山,44_かんなみの杜・渋谷,2
33_代官山保育園・ログロード代官山,46_渋谷区役所,2
34_代官山駅,04_美竹の丘,1
34_代官山駅,06_渋谷駅ハチ公口,48
34_代官山駅,07_文化総合センター大和田,25
34_代官山駅,08_JT前,45
34_代官山駅,09_渋谷駅東口,1
34_代官山駅,10_渋谷2丁目,1
34_代官山駅,12_渋谷4丁目,1
34_代官山駅,13_郷土博物館・文学館,2
34_代官山駅,17_恵比寿区民施設,3
34_代官山駅,18_恵比寿駅東口,2
34_代官山駅,19_恵比寿1丁目,1
34_代官山駅,20_新橋区民施設,2
34_代官山駅,21_豊沢児童遊園地,1
34_代官山駅,24_恵比寿社会教育館,1
34_代官山駅,27_恵比寿ガーデンプレイス,1
34_代官山駅,28_恵比寿南1丁目,1
34_代官山駅,29_恵比寿駅入口,3
34_代官山駅,30_恵比寿公園,46
34_代官山駅,35_猿楽トレーニングジム入口・代官山Tサイト,23
34_代官山駅,36_都立一商,14
34_代官山駅,37_鉢山町交番,24
34_代官山駅,40_渋谷駅西口,8
34_代官山駅,41_神南郵便局,7
34_代官山駅,43_消防署入口,3
34_代官山駅,44_かんなみの杜・渋谷,1
34_代官山駅,46_渋谷区役所,18
35_猿楽トレーニングジム入口・代官山Tサイト,04_美竹の丘,2
35_猿楽トレーニングジム入口・代官山Tサイト,06_渋谷駅ハチ公口,35
35_猿楽トレーニングジム入口・代官山Tサイト,07_文化総合センター大和田,17
35_猿楽トレーニングジム入口・代官山Tサイト,08_JT前,22
35_猿楽トレーニングジム入口・代官山Tサイト,12_渋谷4丁目,3
35_猿楽トレーニングジム入口・代官山Tサイト,15_渋谷車庫前,1
35_猿楽トレーニングジム入口・代官山Tサイト,18_恵比寿駅東口,1
35_猿楽トレーニングジム入口・代官山Tサイト,20_新橋区民施設,3
35_猿楽トレーニングジム入口・代官山Tサイト,21_豊沢児童遊園地,1
35_猿楽トレーニングジム入口・代官山Tサイト,24_恵比寿社会教育館,1
35_猿楽トレーニングジム入口・代官山Tサイト,29_恵比寿駅入口,3
35_猿楽トレーニングジム入口・代官山Tサイト,30_恵比寿公園,30
35_猿楽トレーニングジム入口・代官山Tサイト,34_代官山駅,70
35_猿楽トレーニングジム入口・代官山Tサイト,36_都立一商,1
35_猿楽トレーニングジム入口・代官山Tサイト,37_鉢山町交番,11
35_猿楽トレーニングジム入口・代官山Tサイト,40_渋谷駅西口,4
35_猿楽トレーニングジム入口・代官山Tサイト,41_神南郵便局,1
35_猿楽トレーニングジム入口・代官山Tサイト,43_消防署入口,1
35_猿楽トレーニングジム入口・代官山Tサイト,44_かんなみの杜・渋谷,1
35_猿楽トレーニングジム入口・代官山Tサイト,45_国立代々木競技場,3
35_猿楽トレーニングジム入口・代官山Tサイト,46_渋谷区役所,14
36_都立一商,04_美竹の丘,1
36_都立一商,06_渋谷駅ハチ公口,46
36_都立一商,07_文化総合センター大和田,17
36_都立一商,08_JT前,16
36_都立一商,09_渋谷駅東口,1
36_都立一商,10_渋谷2丁目,1
36_都立一商,11_青山学院西門,3
36_都立一商,12_渋谷4丁目,2
36_都立一商,14_渋谷図書館入口,1
36_都立一商,17_恵比寿区民施設,2
36_都立一商,18_恵比寿駅東口,4
36_都立一商,19_恵比寿1丁目,1
36_都立一商,21_豊沢児童遊園地,3
36_都立一商,24_恵比寿社会教育館,1
36_都立一商,26_加計塚小学校,1
36_都立一商,28_恵比寿南1丁目,1
36_都立一商,30_恵比寿公園,5
36_都立一商,34_代官山駅,5
36_都立一商,35_猿楽トレーニングジム入口・代官山Tサイト,1
36_都立一商,37_鉢山町交番,8
36_都立一商,40_渋谷駅西口,6
36_都立一商,41_神南郵便局,5
36_都立一商,43_消防署入口,2
36_都立一商,45_国立代々木競技場,2
36_都立一商,46_渋谷区役所,8
37_鉢山町交番,06_渋谷駅ハチ公口,107
37_鉢山町交番,07_文化総合センター大和田,27
37_鉢山町交番,08_JT前,32
37_鉢山町交番,09_渋谷駅東口,1
37_鉢山町交番,11_青山学院西門,3
37_鉢山町交番,12_渋谷4丁目,2
37_鉢山町交番,13_郷土博物館・文学館,1
37_鉢山町交番,15_渋谷車庫前,2
37_鉢山町交番,17_恵比寿区民施設,2
37_鉢山町交番,18_恵比寿駅東口,3
37_鉢山町交番,19_恵比寿1丁目,1
37_鉢山町交番,20_新橋区民施設,1
37_鉢山町交番,21_豊沢児童遊園地,2
37_鉢山町交番,24_恵比寿社会教育館,1
37_鉢山町交番,25_恵比寿4丁目,1
37_鉢山町交番,26_加計塚小学校,1
37_鉢山町交番,27_恵比寿ガーデンプレイス,2
37_鉢山町交番,29_恵比寿駅入口,4
37_鉢山町交番,30_恵比寿公園,37
37_鉢山町交番,33_代官山保育園・ログロード代官山,1
37_鉢山町交番,34_代官山駅,36
37_鉢山町交番,35_猿楽トレーニングジム入口・代官山Tサイト,61
37_鉢山町交番,36_都立一商,19
37_鉢山町交番,40_渋谷駅西口,22
37_鉢山町交番,41_神南郵便局,2
37_鉢山町交番,43_消防署入口,3
37_鉢山町交番,45_国立代々木競技場,3
37_鉢山町交番,46_渋谷区役所,28
40_渋谷駅西口,06_渋谷駅ハチ公口,13
40_渋谷駅西口,07_文化総合センター大和田,18
40_渋谷駅西口,08_JT前,36
40_渋谷駅西口,09_渋谷駅東口,1
40_渋谷駅西口,10_渋谷2丁目,7
40_渋谷駅西口,11_青山学院西門,5
40_渋谷駅西口,12_渋谷4丁目,18
40_渋谷駅西口,13_郷土博物館・文学館,9
40_渋谷駅西口,14_渋谷図書館入口,1
40_渋谷駅西口,15_渋谷車庫前,6
40_渋谷駅西口,16_東2丁目,3
40_渋谷駅西口,17_恵比寿区民施設,10
40_渋谷駅西口,18_恵比寿駅東口,11
40_渋谷駅西口,19_恵比寿1丁目,1
40_渋谷駅西口,20_新橋区民施設,4
40_渋谷駅西口,21_豊沢児童遊園地,7
40_渋谷駅西口,24_恵比寿社会教育館,14
40_渋谷駅西口,25_恵比寿4丁目,8
40_渋谷駅西口,26_加計塚小学校,3
40_渋谷駅西口,27_恵比寿ガーデンプレイス,4
40_渋谷駅西口,29_恵比寿駅入口,1
40_渋谷駅西口,34_代官山駅,8
40_渋谷駅西口,35_猿楽トレーニングジム入口・代官山Tサイト,2
40_渋谷駅西口,41_神南郵便局,3
40_渋谷駅西口,43_消防署入口,2
40_渋谷駅西口,45_国立代々木競技場,4
40_渋谷駅西口,46_渋谷区役所,10
41_神南郵便局,10_渋谷2丁目,1
41_神南郵便局,17_恵比寿区民施設,1
41_神南郵便局,34_代官山駅,1
41_神南郵便局,43_消防署入口,1
41_神南郵便局,44_かんなみの杜・渋谷,1
41_神南郵便局,46_渋谷区役所,4
43_消防署入口,06_渋谷駅ハチ公口,1
43_消防署入口,07_文化総合センター大和田,2
43_消防署入口,08_JT前,8
43_消防署入口,32_恵比寿西2丁目,1
43_消防署入口,34_代官山駅,1
43_消防署入口,35_猿楽トレーニングジム入口・代官山Tサイト,1
43_消防署入口,40_渋谷駅西口,2
43_消防署入口,45_国立代々木競技場,1
43_消防署入口,46_渋谷区役所,2
